omp_threads,spmv
1,0.028348
2,0.029153
4,0.029914
8,0.029894
