mpi_ranks,spmv
1,0.027783
2,0.014017
4,0.007132
8,0.003668
