mpi_ranks,omp_threads,spmv
1,1,0.027882
1,2,0.030264
1,4,0.029681
2,1,0.014387
2,2,0.014501
2,4,0.014234
4,1,0.007412
4,2,0.014893
4,4,0.032482
